--
-- PostgreSQL database dump
--

-- Dumped from database version 17.2
-- Dumped by pg_dump version 17.2

-- Started on 2025-02-13 16:02:47

SET statement_timeout = 0;
SET lock_timeout = 0;
SET idle_in_transaction_session_timeout = 0;
SET transaction_timeout = 0;
SET client_encoding = 'UTF8';
SET standard_conforming_strings = on;
SELECT pg_catalog.set_config('search_path', '', false);
SET check_function_bodies = false;
SET xmloption = content;
SET client_min_messages = warning;
SET row_security = off;

--
-- TOC entry 861 (class 1247 OID 16410)
-- Name: task_priority; Type: TYPE; Schema: public; Owner: postgres
--

CREATE TYPE public.task_priority AS ENUM (
    'low',
    'medium',
    'high'
);


ALTER TYPE public.task_priority OWNER TO postgres;

--
-- TOC entry 864 (class 1247 OID 16418)
-- Name: task_status; Type: TYPE; Schema: public; Owner: postgres
--

CREATE TYPE public.task_status AS ENUM (
    'pending',
    'in_progress',
    'completed',
    'delayed'
);


ALTER TYPE public.task_status OWNER TO postgres;

--
-- TOC entry 858 (class 1247 OID 16402)
-- Name: user_role; Type: TYPE; Schema: public; Owner: postgres
--

CREATE TYPE public.user_role AS ENUM (
    'employee',
    'department_head',
    'admin'
);


ALTER TYPE public.user_role OWNER TO postgres;

SET default_tablespace = '';

SET default_table_access_method = heap;

--
-- TOC entry 222 (class 1259 OID 16534)
-- Name: departments; Type: TABLE; Schema: public; Owner: postgres
--

CREATE TABLE public.departments (
    id integer NOT NULL,
    name character varying(255) NOT NULL
);


ALTER TABLE public.departments OWNER TO postgres;

--
-- TOC entry 221 (class 1259 OID 16533)
-- Name: departments_id_seq; Type: SEQUENCE; Schema: public; Owner: postgres
--

CREATE SEQUENCE public.departments_id_seq
    AS integer
    START WITH 1
    INCREMENT BY 1
    NO MINVALUE
    NO MAXVALUE
    CACHE 1;


ALTER SEQUENCE public.departments_id_seq OWNER TO postgres;

--
-- TOC entry 4972 (class 0 OID 0)
-- Dependencies: 221
-- Name: departments_id_seq; Type: SEQUENCE OWNED BY; Schema: public; Owner: postgres
--

ALTER SEQUENCE public.departments_id_seq OWNED BY public.departments.id;


--
-- TOC entry 226 (class 1259 OID 16621)
-- Name: notification; Type: TABLE; Schema: public; Owner: postgres
--

CREATE TABLE public.notification (
    id integer NOT NULL,
    message character varying(255),
    read boolean NOT NULL,
    user_id integer NOT NULL,
    "timestamp" timestamp(6) without time zone,
    reference_id integer,
    type character varying(255),
    CONSTRAINT notification_type_check CHECK (((type)::text = ANY ((ARRAY['TASK'::character varying, 'USER'::character varying, 'OTHER'::character varying])::text[])))
);


ALTER TABLE public.notification OWNER TO postgres;

--
-- TOC entry 225 (class 1259 OID 16620)
-- Name: notification_id_seq; Type: SEQUENCE; Schema: public; Owner: postgres
--

ALTER TABLE public.notification ALTER COLUMN id ADD GENERATED BY DEFAULT AS IDENTITY (
    SEQUENCE NAME public.notification_id_seq
    START WITH 1
    INCREMENT BY 1
    NO MINVALUE
    NO MAXVALUE
    CACHE 1
);


--
-- TOC entry 229 (class 1259 OID 16649)
-- Name: qualification_id_seq; Type: SEQUENCE; Schema: public; Owner: postgres
--

CREATE SEQUENCE public.qualification_id_seq
    START WITH 1
    INCREMENT BY 50
    NO MINVALUE
    NO MAXVALUE
    CACHE 1;


ALTER SEQUENCE public.qualification_id_seq OWNER TO postgres;

--
-- TOC entry 224 (class 1259 OID 16570)
-- Name: qualifications; Type: TABLE; Schema: public; Owner: postgres
--

CREATE TABLE public.qualifications (
    id integer NOT NULL,
    experience_years integer NOT NULL,
    technologies text,
    qualification character varying(50)
);


ALTER TABLE public.qualifications OWNER TO postgres;

--
-- TOC entry 223 (class 1259 OID 16569)
-- Name: qualifications_id_seq; Type: SEQUENCE; Schema: public; Owner: postgres
--

CREATE SEQUENCE public.qualifications_id_seq
    AS integer
    START WITH 1
    INCREMENT BY 1
    NO MINVALUE
    NO MAXVALUE
    CACHE 1;


ALTER SEQUENCE public.qualifications_id_seq OWNER TO postgres;

--
-- TOC entry 4973 (class 0 OID 0)
-- Dependencies: 223
-- Name: qualifications_id_seq; Type: SEQUENCE OWNED BY; Schema: public; Owner: postgres
--

ALTER SEQUENCE public.qualifications_id_seq OWNED BY public.qualifications.id;


--
-- TOC entry 227 (class 1259 OID 16631)
-- Name: task_comments; Type: TABLE; Schema: public; Owner: postgres
--

CREATE TABLE public.task_comments (
    task_id integer NOT NULL,
    comments character varying(255),
    id integer NOT NULL,
    comment character varying(255),
    "timestamp" timestamp(6) without time zone,
    created_at timestamp(6) without time zone
);


ALTER TABLE public.task_comments OWNER TO postgres;

--
-- TOC entry 228 (class 1259 OID 16642)
-- Name: task_comments_id_seq; Type: SEQUENCE; Schema: public; Owner: postgres
--

ALTER TABLE public.task_comments ALTER COLUMN id ADD GENERATED BY DEFAULT AS IDENTITY (
    SEQUENCE NAME public.task_comments_id_seq
    START WITH 1
    INCREMENT BY 1
    NO MINVALUE
    NO MAXVALUE
    CACHE 1
);


--
-- TOC entry 220 (class 1259 OID 16441)
-- Name: tasks; Type: TABLE; Schema: public; Owner: postgres
--

CREATE TABLE public.tasks (
    id integer NOT NULL,
    title character varying(100) NOT NULL,
    description text,
    priority character varying(255) DEFAULT 'low'::character varying NOT NULL,
    status character varying(255) DEFAULT 'pending'::character varying NOT NULL,
    due_date date,
    assigned_to integer,
    created_at timestamp without time zone DEFAULT CURRENT_TIMESTAMP,
    updated_at timestamp without time zone DEFAULT CURRENT_TIMESTAMP,
    required_qualification character varying(20) DEFAULT 'JUNIOR'::character varying NOT NULL,
    department_id integer
);


ALTER TABLE public.tasks OWNER TO postgres;

--
-- TOC entry 219 (class 1259 OID 16440)
-- Name: tasks_id_seq; Type: SEQUENCE; Schema: public; Owner: postgres
--

CREATE SEQUENCE public.tasks_id_seq
    AS integer
    START WITH 1
    INCREMENT BY 1
    NO MINVALUE
    NO MAXVALUE
    CACHE 1;


ALTER SEQUENCE public.tasks_id_seq OWNER TO postgres;

--
-- TOC entry 4974 (class 0 OID 0)
-- Dependencies: 219
-- Name: tasks_id_seq; Type: SEQUENCE OWNED BY; Schema: public; Owner: postgres
--

ALTER SEQUENCE public.tasks_id_seq OWNED BY public.tasks.id;


--
-- TOC entry 218 (class 1259 OID 16428)
-- Name: users; Type: TABLE; Schema: public; Owner: postgres
--

CREATE TABLE public.users (
    id integer NOT NULL,
    username character varying(50) NOT NULL,
    password character varying(255) NOT NULL,
    email character varying(255) NOT NULL,
    role character varying(255) NOT NULL,
    first_name character varying(255),
    last_name character varying(255),
    created_at timestamp without time zone DEFAULT CURRENT_TIMESTAMP,
    updated_at timestamp without time zone DEFAULT CURRENT_TIMESTAMP,
    department_id integer,
    qualification_id integer,
    last_login timestamp(6) without time zone
);


ALTER TABLE public.users OWNER TO postgres;

--
-- TOC entry 217 (class 1259 OID 16427)
-- Name: users_id_seq; Type: SEQUENCE; Schema: public; Owner: postgres
--

CREATE SEQUENCE public.users_id_seq
    AS integer
    START WITH 1
    INCREMENT BY 1
    NO MINVALUE
    NO MAXVALUE
    CACHE 1;


ALTER SEQUENCE public.users_id_seq OWNER TO postgres;

--
-- TOC entry 4975 (class 0 OID 0)
-- Dependencies: 217
-- Name: users_id_seq; Type: SEQUENCE OWNED BY; Schema: public; Owner: postgres
--

ALTER SEQUENCE public.users_id_seq OWNED BY public.users.id;


--
-- TOC entry 4786 (class 2604 OID 16537)
-- Name: departments id; Type: DEFAULT; Schema: public; Owner: postgres
--

ALTER TABLE ONLY public.departments ALTER COLUMN id SET DEFAULT nextval('public.departments_id_seq'::regclass);


--
-- TOC entry 4787 (class 2604 OID 16573)
-- Name: qualifications id; Type: DEFAULT; Schema: public; Owner: postgres
--

ALTER TABLE ONLY public.qualifications ALTER COLUMN id SET DEFAULT nextval('public.qualifications_id_seq'::regclass);


--
-- TOC entry 4780 (class 2604 OID 16444)
-- Name: tasks id; Type: DEFAULT; Schema: public; Owner: postgres
--

ALTER TABLE ONLY public.tasks ALTER COLUMN id SET DEFAULT nextval('public.tasks_id_seq'::regclass);


--
-- TOC entry 4777 (class 2604 OID 16431)
-- Name: users id; Type: DEFAULT; Schema: public; Owner: postgres
--

ALTER TABLE ONLY public.users ALTER COLUMN id SET DEFAULT nextval('public.users_id_seq'::regclass);


--
-- TOC entry 4959 (class 0 OID 16534)
-- Dependencies: 222
-- Data for Name: departments; Type: TABLE DATA; Schema: public; Owner: postgres
--

COPY public.departments (id, name) FROM stdin;
1	IT
2	HR
3	Finance
\.


--
-- TOC entry 4963 (class 0 OID 16621)
-- Dependencies: 226
-- Data for Name: notification; Type: TABLE DATA; Schema: public; Owner: postgres
--

COPY public.notification (id, message, read, user_id, "timestamp", reference_id, type) FROM stdin;
\.


--
-- TOC entry 4961 (class 0 OID 16570)
-- Dependencies: 224
-- Data for Name: qualifications; Type: TABLE DATA; Schema: public; Owner: postgres
--

COPY public.qualifications (id, experience_years, technologies, qualification) FROM stdin;
1	10	System Administration, Security, IT Management	SENIOR
2	9	Software Architecture, Java, Microservices	SENIOR
3	8	Cloud Computing, DevOps, Kubernetes	SENIOR
4	10	HR Strategy, Compliance, Organizational Development	SENIOR
5	9	Leadership, Employee Development, Labor Law	SENIOR
6	10	Financial Strategy, Risk Management, Auditing	SENIOR
7	9	Corporate Finance, Investment Management	SENIOR
8	1	Java, Spring Boot	JUNIOR
9	1	Java, SQL	JUNIOR
10	3	Java, React, PostgreSQL	MID_LEVEL
0	20	0	SENIOR
11	4	Java, Spring, Docker	MID_LEVEL
12	7	Java, Kubernetes, AWS	SENIOR
13	8	Java, Microservices, Kafka	SENIOR
14	1	Recruitment, HR Policies	JUNIOR
15	2	Employee Relations	JUNIOR
16	4	Payroll, HR Software	MID_LEVEL
17	5	Talent Acquisition	MID_LEVEL
18	9	HR Strategy, Compliance	SENIOR
19	10	Organizational Development	SENIOR
20	1	Accounting, QuickBooks	JUNIOR
21	2	Financial Reporting	JUNIOR
22	4	Budgeting, Excel	MID_LEVEL
23	5	Investment Analysis	MID_LEVEL
24	8	Risk Management, Auditing	SENIOR
25	9	Corporate Finance, Tax Law	SENIOR
\.


--
-- TOC entry 4964 (class 0 OID 16631)
-- Dependencies: 227
-- Data for Name: task_comments; Type: TABLE DATA; Schema: public; Owner: postgres
--

COPY public.task_comments (task_id, comments, id, comment, "timestamp", created_at) FROM stdin;
\.


--
-- TOC entry 4957 (class 0 OID 16441)
-- Dependencies: 220
-- Data for Name: tasks; Type: TABLE DATA; Schema: public; Owner: postgres
--

COPY public.tasks (id, title, description, priority, status, due_date, assigned_to, created_at, updated_at, required_qualification, department_id) FROM stdin;
1	Develop New API	Create and document REST API.	HIGH	IN_PROGRESS	2025-01-15	8	2025-02-13 12:27:12.753908	2025-02-13 12:27:12.753908	JUNIOR	1
2	Fix Security Vulnerabilities	Patch security issues in backend.	MEDIUM	PENDING	2025-02-20	9	2025-02-13 12:27:12.753908	2025-02-13 12:27:12.753908	JUNIOR	1
3	Optimize Database Queries	Improve SQL query performance.	HIGH	IN_PROGRESS	2025-03-10	10	2025-02-13 12:27:12.753908	2025-02-13 12:27:12.753908	MID_LEVEL	1
4	Refactor Legacy Code	Refactor outdated Java code.	LOW	DELAYED	2025-04-05	11	2025-02-13 12:27:12.753908	2025-02-13 12:27:12.753908	MID_LEVEL	1
5	Implement Authentication	Add OAuth2 authentication.	HIGH	COMPLETED	2025-05-25	12	2025-02-13 12:27:12.753908	2025-02-13 12:27:12.753908	SENIOR	1
6	Setup CI/CD Pipeline	Configure Jenkins and GitHub Actions.	MEDIUM	PENDING	2025-06-12	13	2025-02-13 12:27:12.753908	2025-02-13 12:27:12.753908	SENIOR	1
7	Conduct Interviews	Interview candidates for open positions.	HIGH	PENDING	2025-01-29	14	2025-02-13 12:27:12.753908	2025-02-13 12:27:12.753908	JUNIOR	2
8	Update Employee Handbook	Revise policies and procedures.	MEDIUM	IN_PROGRESS	2025-02-15	15	2025-02-13 12:27:12.753908	2025-02-13 12:27:12.753908	JUNIOR	2
9	Organize Training Program	Plan employee development training.	HIGH	COMPLETED	2025-03-22	16	2025-02-13 12:27:12.753908	2025-02-13 12:27:12.753908	MID_LEVEL	2
10	Onboard New Employees	Onboard new employees and provide initial training.	LOW	PENDING	2025-04-10	17	2025-02-13 12:27:12.753908	2025-02-13 12:27:12.753908	MID_LEVEL	2
11	Enhance Employee Benefits	Improve employee benefits package.	MEDIUM	IN_PROGRESS	2025-05-05	18	2025-02-13 12:27:12.753908	2025-02-13 12:27:12.753908	SENIOR	2
12	Develop HR Strategy	Develop a long-term HR strategy.	HIGH	DELAYED	2025-06-28	19	2025-02-13 12:27:12.753908	2025-02-13 12:27:12.753908	SENIOR	2
13	Prepare Monthly Financial Report	Generate and submit monthly reports.	HIGH	PENDING	2025-01-18	20	2025-02-13 12:27:12.753908	2025-02-13 12:27:12.753908	JUNIOR	3
14	Assist with Budgeting	Assist with creating departmental budgets.	MEDIUM	IN_PROGRESS	2025-02-28	21	2025-02-13 12:27:12.753908	2025-02-13 12:27:12.753908	JUNIOR	3
15	Conduct Financial Analysis	Analyze financial statements and identify trends.	HIGH	COMPLETED	2025-03-05	22	2025-02-13 12:27:12.753908	2025-02-13 12:27:12.753908	MID_LEVEL	3
16	Oversee Payroll Processing	Ensure accurate payroll processing and payments.	LOW	PENDING	2025-04-12	23	2025-02-13 12:27:12.753908	2025-02-13 12:27:12.753908	MID_LEVEL	3
17	Audit Financial Statements	Review and audit financial records.	HIGH	IN_PROGRESS	2025-05-17	24	2025-02-13 12:27:12.753908	2025-02-13 12:27:12.753908	SENIOR	3
18	Evaluate Investment Opportunities	Assess potential investment opportunities.	MEDIUM	DELAYED	2025-06-23	25	2025-02-13 12:27:12.753908	2025-02-13 12:27:12.753908	SENIOR	3
\.


--
-- TOC entry 4955 (class 0 OID 16428)
-- Dependencies: 218
-- Data for Name: users; Type: TABLE DATA; Schema: public; Owner: postgres
--

COPY public.users (id, username, password, email, role, first_name, last_name, created_at, updated_at, department_id, qualification_id, last_login) FROM stdin;
12	dev_senior_1	$2a$10$q.9EHTPVG/Q5w/Kp9mCOSe.cYouDKvF8202WrInIcXAqSVDsxsyp6	dev.sen1@example.com	EMPLOYEE	William	Lewis	2025-02-13 12:01:17.087409	2025-02-13 10:04:20.730124	1	12	\N
13	dev_senior_2	$2a$10$8jIpT.4ZvDc/NFplMULHT.63dKomJPZ2DjqkGgeHLVcTN3e36hPaK	dev.sen2@example.com	EMPLOYEE	Mia	Walker	2025-02-13 12:01:17.087409	2025-02-13 10:04:22.672252	1	13	\N
14	hr_junior_1	$2a$10$askSfO3AWq621x4tmQvk0OEyEGND69SUHjccxk/xcu5EldE1VRuoW	hr.jun1@example.com	EMPLOYEE	Lily	Hall	2025-02-13 12:01:17.087409	2025-02-13 10:04:24.796735	2	14	\N
0	admin2	$2a$10$LPT2cGIp22du.liy0WqMROIK/V1iejR6pa4ZVDw2KjpS4hMMBSCta	admin2@gamil.com	ADMIN	Admin	Admin	2025-02-06 14:30:41.287756	2025-02-13 10:02:25.566272	1	0	2025-02-13 12:02:25.551574
2	it_head_1	$2a$10$ms9MM88857JL/53HSPd58e2r.UR/giRoiNxXLEqzGKxEPDH7yg1K.	it.head1@example.com	DEPARTMENT_HEAD	John	Smith	2025-02-13 12:01:17.087409	2025-02-13 10:03:05.511336	1	2	\N
3	it_head_2	$2a$10$Yi0Em9Qf85SXwVQulbi.i.KpLQ/RLeuwV.qPROEfYfVSlljzPs0Q.	it.head2@example.com	DEPARTMENT_HEAD	Sarah	Brown	2025-02-13 12:01:17.087409	2025-02-13 10:03:08.00364	1	3	\N
4	hr_head_1	$2a$10$23Pb.OP35OtGMxjAHho/c.C2X2pRTd/LZPGQsKnWshV89gqTUNT5a	hr.head1@example.com	DEPARTMENT_HEAD	Emily	Davis	2025-02-13 12:01:17.087409	2025-02-13 10:03:12.068867	2	4	\N
5	hr_head_2	$2a$10$yjuwxk08w0g6FKPfjICbNucspjg4TKL1nKeKGIkKL10nW63Z8nTN2	hr.head2@example.com	DEPARTMENT_HEAD	Michael	Wilson	2025-02-13 12:01:17.087409	2025-02-13 10:03:15.168235	2	5	\N
6	fin_head_1	$2a$10$yYWwm0Qx3/BDw1FSmfJ8sudt2RjwRAtEipqof4KzWegOZ4hc.jXKi	fin.head1@example.com	DEPARTMENT_HEAD	Robert	Martinez	2025-02-13 12:01:17.087409	2025-02-13 10:03:18.052411	3	6	\N
7	fin_head_2	$2a$10$Q35hwhkMEO4NP3D7K/LDw.Vzb.RQTNHm8d./DSMMgW4h8X3gOHfMC	fin.head2@example.com	DEPARTMENT_HEAD	Olivia	Taylor	2025-02-13 12:01:17.087409	2025-02-13 10:03:21.448475	3	7	\N
8	dev_junior_1	$2a$10$Ah5MQ0pA5yTH7dtSWbDeAOt3DARIjsiymBV2/UzKik0af.iZS.832	dev.jun1@example.com	EMPLOYEE	Ethan	Anderson	2025-02-13 12:01:17.087409	2025-02-13 10:03:24.408475	1	8	\N
9	dev_junior_2	$2a$10$jE4299NTSZmT0pfRxpKjjeFbgIZihEyrizI2wXTTIs26bpQnubxPe	dev.jun2@example.com	EMPLOYEE	Sophia	White	2025-02-13 12:01:17.087409	2025-02-13 10:03:26.745002	1	9	\N
10	dev_mid_1	$2a$10$Yc/OYSZqFTgi2piHipe53OxjwRy4im1tfffkUwJK4jUmO8jKHyewi	dev.mid1@example.com	EMPLOYEE	Daniel	Harris	2025-02-13 12:01:17.087409	2025-02-13 10:04:16.725767	1	10	\N
11	dev_mid_2	$2a$10$IRqDuBGRP9meB.H.oKBbiON/b1tDiKHItNBSXr5TOWW6mK2HVC33O	dev.mid2@example.com	EMPLOYEE	Ava	Clark	2025-02-13 12:01:17.087409	2025-02-13 10:04:18.904156	1	11	\N
15	hr_junior_2	$2a$10$upQPS0GbLgDzpZQhQvnGFOw/kGvktX2jVpJmOdlhkEQ1aIo3Zx8.u	hr.jun2@example.com	EMPLOYEE	Lucas	Young	2025-02-13 12:01:17.087409	2025-02-13 10:04:27.670097	2	15	\N
16	hr_mid_1	$2a$10$.RGGrepabBn0Qx4HQu7DheBDYA6e2J9erjDEXvmbDaBhX7lLYUzHa	hr.mid1@example.com	EMPLOYEE	Isabella	Allen	2025-02-13 12:01:17.087409	2025-02-13 10:04:30.167254	2	16	\N
17	hr_mid_2	$2a$10$XONfyhK44UaCpc.RnJhWrue0xI9fTo6gUUfj6sY/i8Z0W/.HTcsxK	hr.mid2@example.com	EMPLOYEE	James	King	2025-02-13 12:01:17.087409	2025-02-13 10:04:32.050517	2	17	\N
18	hr_senior_1	$2a$10$osMBoUKELZ5t929AuULpXuuOdwuXwyZJOOXHYBb0Hl9yXj01N5afS	hr.sen1@example.com	EMPLOYEE	Charlotte	Wright	2025-02-13 12:01:17.087409	2025-02-13 10:04:34.937055	2	18	\N
19	hr_senior_2	$2a$10$KmrhpN/SbAHLVMwVXQCdMeD5UhVl5X6J7ryDza6K2DavC6WXjVKFi	hr.sen2@example.com	EMPLOYEE	Benjamin	Lopez	2025-02-13 12:01:17.087409	2025-02-13 10:04:38.484977	2	19	\N
20	fin_junior_1	$2a$10$J6gOhLrEuEL8gfE79uw04uxyGnn35GFWriuLqZelSBHNlOIO1xAR2	fin.jun1@example.com	EMPLOYEE	Emma	Scott	2025-02-13 12:01:17.087409	2025-02-13 10:04:41.562911	3	20	\N
21	fin_junior_2	$2a$10$eylFs9pbJFkYD11B74mbvedSslxG15DjA1JYSYf8vy5fW7bfaiOSi	fin.jun2@example.com	EMPLOYEE	Mason	Adams	2025-02-13 12:01:17.087409	2025-02-13 10:04:44.282719	3	21	\N
22	fin_mid_1	$2a$10$zoR4uUwA9ooxjeSrqgeHHO16JpG3.Gy9qaX24dB2gGaRcLKAiXnum	fin.mid1@example.com	EMPLOYEE	Harper	Baker	2025-02-13 12:01:17.087409	2025-02-13 10:04:46.600355	3	22	\N
23	fin_mid_2	$2a$10$bciwgPxnj24gf6zJLahOruFjRolZaWn6VxEsjxsaGcHTKDP97OlLu	fin.mid2@example.com	EMPLOYEE	Elijah	Carter	2025-02-13 12:01:17.087409	2025-02-13 10:04:48.583565	3	23	\N
24	fin_senior_1	$2a$10$SUOBXs7fb2KcpEpUPOAkN./fwH6eZDqGLHdqaueDDVXFvdCY3ZmJ2	fin.sen1@example.com	EMPLOYEE	Amelia	Turner	2025-02-13 12:01:17.087409	2025-02-13 10:04:53.598965	3	24	\N
25	fin_senior_2	$2a$10$CXFwhkjVz2fqTvsoloYWze9//63ZHqoHMdU7eR5jz7FRUosDlIDz6	fin.sen2@example.com	EMPLOYEE	Henry	Phillips	2025-02-13 12:01:17.087409	2025-02-13 10:04:54.979259	3	25	\N
1	admin_1	$2a$10$TBjyT0Bw2bmPZguN/.AHu.IfhDj1fEWrFXrbs6nCmn/ycf0uuzqsq	admin@example.com	ADMIN	Alex	Johnson	2025-02-13 12:01:17.087409	2025-02-13 10:29:25.676306	1	1	2025-02-13 12:29:25.676306
\.


--
-- TOC entry 4976 (class 0 OID 0)
-- Dependencies: 221
-- Name: departments_id_seq; Type: SEQUENCE SET; Schema: public; Owner: postgres
--

SELECT pg_catalog.setval('public.departments_id_seq', 3, true);


--
-- TOC entry 4977 (class 0 OID 0)
-- Dependencies: 225
-- Name: notification_id_seq; Type: SEQUENCE SET; Schema: public; Owner: postgres
--

SELECT pg_catalog.setval('public.notification_id_seq', 53, true);


--
-- TOC entry 4978 (class 0 OID 0)
-- Dependencies: 229
-- Name: qualification_id_seq; Type: SEQUENCE SET; Schema: public; Owner: postgres
--

SELECT pg_catalog.setval('public.qualification_id_seq', 1, true);


--
-- TOC entry 4979 (class 0 OID 0)
-- Dependencies: 223
-- Name: qualifications_id_seq; Type: SEQUENCE SET; Schema: public; Owner: postgres
--

SELECT pg_catalog.setval('public.qualifications_id_seq', 26, true);


--
-- TOC entry 4980 (class 0 OID 0)
-- Dependencies: 228
-- Name: task_comments_id_seq; Type: SEQUENCE SET; Schema: public; Owner: postgres
--

SELECT pg_catalog.setval('public.task_comments_id_seq', 1, true);


--
-- TOC entry 4981 (class 0 OID 0)
-- Dependencies: 219
-- Name: tasks_id_seq; Type: SEQUENCE SET; Schema: public; Owner: postgres
--

SELECT pg_catalog.setval('public.tasks_id_seq', 19, true);


--
-- TOC entry 4982 (class 0 OID 0)
-- Dependencies: 217
-- Name: users_id_seq; Type: SEQUENCE SET; Schema: public; Owner: postgres
--

SELECT pg_catalog.setval('public.users_id_seq', 26, true);


--
-- TOC entry 4798 (class 2606 OID 16539)
-- Name: departments departments_pkey; Type: CONSTRAINT; Schema: public; Owner: postgres
--

ALTER TABLE ONLY public.departments
    ADD CONSTRAINT departments_pkey PRIMARY KEY (id);


--
-- TOC entry 4802 (class 2606 OID 16625)
-- Name: notification notification_pkey; Type: CONSTRAINT; Schema: public; Owner: postgres
--

ALTER TABLE ONLY public.notification
    ADD CONSTRAINT notification_pkey PRIMARY KEY (id);


--
-- TOC entry 4800 (class 2606 OID 16577)
-- Name: qualifications qualifications_pkey; Type: CONSTRAINT; Schema: public; Owner: postgres
--

ALTER TABLE ONLY public.qualifications
    ADD CONSTRAINT qualifications_pkey PRIMARY KEY (id);


--
-- TOC entry 4796 (class 2606 OID 16450)
-- Name: tasks tasks_pkey; Type: CONSTRAINT; Schema: public; Owner: postgres
--

ALTER TABLE ONLY public.tasks
    ADD CONSTRAINT tasks_pkey PRIMARY KEY (id);


--
-- TOC entry 4790 (class 2606 OID 16601)
-- Name: users ukjllnkx53gos1ajnvuefhh1hmf; Type: CONSTRAINT; Schema: public; Owner: postgres
--

ALTER TABLE ONLY public.users
    ADD CONSTRAINT ukjllnkx53gos1ajnvuefhh1hmf UNIQUE (qualification_id);


--
-- TOC entry 4792 (class 2606 OID 16437)
-- Name: users users_pkey; Type: CONSTRAINT; Schema: public; Owner: postgres
--

ALTER TABLE ONLY public.users
    ADD CONSTRAINT users_pkey PRIMARY KEY (id);


--
-- TOC entry 4794 (class 2606 OID 16525)
-- Name: users users_username_key; Type: CONSTRAINT; Schema: public; Owner: postgres
--

ALTER TABLE ONLY public.users
    ADD CONSTRAINT users_username_key UNIQUE (username);


--
-- TOC entry 4808 (class 2606 OID 16634)
-- Name: task_comments fk9517viwn2geh1gpivj6l9y64u; Type: FK CONSTRAINT; Schema: public; Owner: postgres
--

ALTER TABLE ONLY public.task_comments
    ADD CONSTRAINT fk9517viwn2geh1gpivj6l9y64u FOREIGN KEY (task_id) REFERENCES public.tasks(id);


--
-- TOC entry 4803 (class 2606 OID 16540)
-- Name: users fk_department; Type: FK CONSTRAINT; Schema: public; Owner: postgres
--

ALTER TABLE ONLY public.users
    ADD CONSTRAINT fk_department FOREIGN KEY (department_id) REFERENCES public.departments(id) ON DELETE SET NULL;


--
-- TOC entry 4805 (class 2606 OID 16589)
-- Name: tasks fk_department; Type: FK CONSTRAINT; Schema: public; Owner: postgres
--

ALTER TABLE ONLY public.tasks
    ADD CONSTRAINT fk_department FOREIGN KEY (department_id) REFERENCES public.departments(id);


--
-- TOC entry 4804 (class 2606 OID 16614)
-- Name: users fk_qualification_id; Type: FK CONSTRAINT; Schema: public; Owner: postgres
--

ALTER TABLE ONLY public.users
    ADD CONSTRAINT fk_qualification_id FOREIGN KEY (qualification_id) REFERENCES public.qualifications(id);


--
-- TOC entry 4807 (class 2606 OID 16626)
-- Name: notification fknk4ftb5am9ubmkv1661h15ds9; Type: FK CONSTRAINT; Schema: public; Owner: postgres
--

ALTER TABLE ONLY public.notification
    ADD CONSTRAINT fknk4ftb5am9ubmkv1661h15ds9 FOREIGN KEY (user_id) REFERENCES public.users(id);


--
-- TOC entry 4806 (class 2606 OID 16451)
-- Name: tasks tasks_assigned_to_fkey; Type: FK CONSTRAINT; Schema: public; Owner: postgres
--

ALTER TABLE ONLY public.tasks
    ADD CONSTRAINT tasks_assigned_to_fkey FOREIGN KEY (assigned_to) REFERENCES public.users(id);


-- Completed on 2025-02-13 16:02:47

--
-- PostgreSQL database dump complete
--

